ФИО,Дата рождения,Телефон родителя
Абдуллина Алия Ильдаровна,12.03.2010,+79001234501
Бикмуллин Тимур Ринатович,04.05.2010,+79001234502
Валеева Дина Артуровна,22.01.2010,+79001234503
Гайнуллин Артём Русланович,16.07.2010,+79001234504
Давлетшина Камиля Маратовна,09.09.2010,+79001234505
Егоров Никита Сергеевич,28.02.2010,+79001234506
Журавлёва София Андреевна,11.11.2010,+79001234507
Зарипов Ильназ Ленарович,19.04.2010,+79001234508
Иванова Полина Дмитриевна,30.06.2010,+79001234509
Каримов Ранель Ильдарович,08.08.2010,+79001234510
